{"cameraMode":{"drawMode":0,"name":"Shaded","section":"Shading Mode"},"sceneLighting":true,"audioPlay":false,"sceneViewState":{"m_AlwaysRefresh":false,"showFog":true,"showSkybox":true,"showFlares":true,"showImageEffects":true,"showParticleSystems":true,"showVisualEffectGraphs":true,"m_FxEnabled":true},"in2DMode":false,"pivot":{"x":8.927057266235352,"y":-4.345668792724609,"z":22.111026763916017},"rotation":{"x":-0.13914267718791963,"y":-0.15323519706726075,"z":0.021798932924866678,"w":-0.9781016707420349},"size":18.260583877563478,"orthographic":false}